Use Quan_Ly_Quan_Cafe_Phuc_Long
Go
-----Thông tin các loại thức uống-----

Insert Into Loai_ThucUong Values(N'L01',N'Phuc Long Signature')
Insert Into Loai_ThucUong Values(N'L02',N'Special Tea')
Insert Into Loai_ThucUong Values(N'L03',N'Signature Coffe')
Insert Into Loai_ThucUong Values(N'L04',N'Fresh Squeezed Fruit Fuice')
Insert Into Loai_ThucUong Values(N'L05',N'Rekaxing Fruit Smoothie')
Insert Into Loai_ThucUong Values(N'L06',N'Cool Blended Beverage')
Insert Into Loai_ThucUong Values(N'L07',N'Snacks')
Insert Into Loai_ThucUong Values(N'L08',N'Bakery')
--Thông tin thức uống --
---1.Loai Phuc Long Signature---
Insert into Thuc_Uong  Values(N'T101',N'Sữa Chua Phúc Bồn Tử Đác Cam',N'L01',70000)
Insert into Thuc_Uong  Values(N'T102',N'Sữa Chua Xoài Đác Thơm',N'L01',70000)
Insert into Thuc_Uong  Values(N'T103',N'Trà Lài Đác Thơm',N'L01',50000)
Insert into Thuc_Uong  Values(N'T104',N'Hồng Trà Đác Cam',N'L01',70000)
Insert into Thuc_Uong  Values(N'T105',N'Trà Nhân - Sen',N'L01',50000)
Insert into Thuc_Uong  Values(N'T106',N'Trà Nhãn - Lài',N'L01',50000)
Insert into Thuc_Uong  Values(N'T107',N'Trà Vải - Lài',N'L01',50000)
Insert into Thuc_Uong  Values(N'T108',N'Trà Thảo Mộc',N'L01',50000)
Insert into Thuc_Uong  Values(N'T109',N'Trà Vải Sen',N'L01',50000)
Insert into Thuc_Uong  Values(N'T110',N'Trà Đào Phúc Long',N'L01',50000)
Insert into Thuc_Uong  Values(N'T111',N'Hồng Trà Sữa',N'L01',45000)
Insert into Thuc_Uong  Values(N'T112',N'Trà Sữa Phúc Long',N'L01',45000)
Insert into Thuc_Uong  Values(N'T113',N'Trà Ô Long Dâu',N'L01',50000)
Insert into Thuc_Uong  Values(N'T114',N'Trà Ô Long Sữa',N'L01',45000)
--------------------------------------------------------------------
---2.Loai Special Tea ---
Insert into Thuc_Uong  Values(N'T201',N'Trà Ô Long Mãng Cầu',N'L02',54000)
Insert into Thuc_Uong  Values(N'T202',N'Hồng Trà Chanh',N'L02',40000)
Insert into Thuc_Uong  Values(N'T203',N'Trà Hoa Hồng',N'L02',50000)
Insert into Thuc_Uong  Values(N'T204',N'Latte Trà Xanh',N'L02',45000)
Insert into Thuc_Uong  Values(N'T205',N'Trà Đào Sữa',N'L02',40000)
---------------------------------------------------------------
---3.Signature Cofee---
Insert into Thuc_Uong  Values(N'T301',N'Caramen Chảy',N'L03',50000)
Insert into Thuc_Uong  Values(N'T302',N'Capuchino Vietnamo',N'L03',45000)
Insert into Thuc_Uong  Values(N'T303',N'Latte Latte',N'L03',45000)
Insert into Thuc_Uong  Values(N'T304',N'Ngọc Viên Đông',N'L03',45000)
Insert into Thuc_Uong  Values(N'T305',N'Phin Sữa Đá - Năng Lượng',N'L03',35000)
Insert into Thuc_Uong  Values(N'T306',N'Phin Đen Đá -Đậm Đà',N'L03',35000)
------------------------------------------------------------------
---4.Fresh Squeezed Fruit Fuice---
Insert into Thuc_Uong  Values(N'T401',N'Táo và Dâu Ép',N'L04',50000)
Insert into Thuc_Uong  Values(N'T402',N'Thơm và Dâu Ép',N'L04',50000)
Insert into Thuc_Uong  Values(N'T403',N'Táo Ép',N'L04',45000)
Insert into Thuc_Uong  Values(N'T404',N'Dâu Ép',N'L04',55000)
Insert into Thuc_Uong  Values(N'T405',N'Cam Ép',N'L04',45000)
Insert into Thuc_Uong  Values(N'T406',N'Dứa Ép',N'L04',45000)
--------------------------------------------------------------------------------
---5.Relaxing Fruit Smooth---
Insert into Thuc_Uong  Values(N'T501',N'Sinh Tố Chanh',N'L05',50000)
Insert into Thuc_Uong  Values(N'T502',N'Vitamin C(Xoài,Cam,Chanh Dây',N'L05',55000)
Insert into Thuc_Uong  Values(N'T503',N'Sinh Tố Dâu',N'L05',55000)
Insert into Thuc_Uong  Values(N'T504',N'Sinh Tố Xoài',N'L05',55000)
----------------------------------------------------------------------------------
--6.Cool Blended Beverage---
Insert into Thuc_Uong  Values(N'T601',N'Trà Xanh Đá Xay',N'L06',60000)
Insert into Thuc_Uong  Values(N'T602',N'Sô-Cô-La Xay Cùng Hạnh Nhân Và Espresso',N'L06',60000)
Insert into Thuc_Uong  Values(N'T603',N'Bánh Oreo Xay Cùn Cafe Capuchino',N'L06',60000)
Insert into Thuc_Uong  Values(N'T604',N'Cafe Capuchino Đá Xay',N'L06',60000)
Insert into Thuc_Uong  Values(N'T605',N'Sô-Cô-La Cafe Đá Xay',N'L06',60000)
Insert into Thuc_Uong  Values(N'T606',N'Trà Đào Đá Xay',N'L06',65000)
Insert into Thuc_Uong  Values(N'T607',N'Cafe Caramel Đá Xay',N'L06',60000)
----------------------------------------------------------------------------------------
---7.Snacks
Insert into Thuc_Uong  Values(N'T701',N'Mặn Dẻo Gừng',N'L07',46000)
Insert into Thuc_Uong  Values(N'T702',N'Gừng Nướng Mật Ong',N'L07',57000)
Insert into Thuc_Uong  Values(N'T703',N'Kho Nho Úc - Hộp',N'L07',39000)
Insert into Thuc_Uong  Values(N'T704',N'Kho Nho Úc - Gói',N'L07',19000)
Insert into Thuc_Uong  Values(N'T705',N'Trái Cây Tươi Sấy Dẻo',N'L07',32000)
Insert into Thuc_Uong  Values(N'T706',N'Xoài Sấy Dẻo',N'L07',32000)
Insert into Thuc_Uong  Values(N'T707',N'Thơm Sấy Dẻo',N'L07',32000)
Insert into Thuc_Uong  Values(N'T708',N'Đu Đủ Sấy Dẻo',N'L07',32000)
Insert into Thuc_Uong  Values(N'T709',N'Hạt Điều Rang Củi(Vỏ Lụa) - Lon',N'L07',77000)
Insert into Thuc_Uong  Values(N'T710',N'Hạt Điều Rang Củi Tỏi Ớt - Lon',N'L07',26000)
Insert into Thuc_Uong  Values(N'T711',N'Hạt Điều Rang Củi(Vỏ Lụa) - Gói',N'L07',74000)
Insert into Thuc_Uong  Values(N'T712',N'Hạt Điều Rang Củi Tỏi Ớt - Gói',N'L07',27000)
--------------------------------------------------------------------------------------
---8.Bakery---
Insert into Thuc_Uong  Values(N'T801',N'Bánh Mì Phúc Long (M)',N'L08',35000)
Insert into Thuc_Uong  Values(N'T802',N'Green Tea Choco Cake',N'L08',35000)
Insert into Thuc_Uong  Values(N'T803',N'Passiom Panna Cotta',N'L08',35000)
Insert into Thuc_Uong  Values(N'T804',N'Tiramisu Mini',N'L08',35000)
Insert into Thuc_Uong  Values(N'T805',N'Butter Chocolate Croissant 30g',N'L08',22000)
Insert into Thuc_Uong  Values(N'T806',N'Pure Butter Croissant 30g',N'L08',20000)
------------------------------------------------------------------------------------------
---Thông tin Khu Vực
Insert into Khu_Vuc Values(N'KV1',N'Tầng 1',N'Trống')
Insert into Khu_Vuc Values(N'KV2',N'Tầng 2',N'Trống')
Insert into Khu_Vuc Values(N'KV3',N'Tầng 3',N'Trống')
--------
-----Thông tin Bàn-----
--Tầng 1---
Insert into Ban Values(11,N'KV1',N'Bàn 1',N'Trống ')
Insert into Ban Values(12,N'KV1',N'Bàn 2',N'Trống ')
Insert into Ban Values(13,N'KV1',N'Bàn 3',N'Trống ')
Insert into Ban Values(14,N'KV1',N'Bàn 4',N'Trống ')
Insert into Ban Values(15,N'KV1',N'Bàn 5',N'Trống ')
Insert into Ban Values(16,N'KV1',N'Bàn 6',N'Trống ')
Insert into Ban Values(17,N'KV1',N'Bàn 7',N'Trống ')
---Tầng 2---
Insert into Ban Values(21,N'KV2',N'Bàn 1',N'Trống ')
Insert into Ban Values(22,N'KV2',N'Bàn 2',N'Trống ')
Insert into Ban Values(23,N'KV2',N'Bàn 3',N'Trống ')
Insert into Ban Values(24,N'KV2',N'Bàn 4',N'Trống ')
Insert into Ban Values(25,N'KV2',N'Bàn 5',N'Trống ')
Insert into Ban Values(26,N'KV2',N'Bàn 6',N'Trống ')
Insert into Ban Values(27,N'KV2',N'Bàn 7',N'Trống ')
---Tầng 3---
Insert into Ban Values(31,N'KV3',N'Bàn 1',N'Trống ')
Insert into Ban Values(32,N'KV3',N'Bàn 2',N'Trống ')
Insert into Ban Values(33,N'KV3',N'Bàn 3',N'Trống ')
Insert into Ban Values(34,N'KV3',N'Bàn 4',N'Trống ')
Insert into Ban Values(35,N'KV3',N'Bàn 5',N'Trống ')
Insert into Ban Values(36,N'KV3',N'Bàn 6',N'Trống ')
Insert into Ban Values(37,N'KV3',N'Bàn 7',N'Trống ')
----------------------------------------------------------------------------------------------------------------------------

------------------
----Thông Tin Chức Vụ
Insert into Chuc_Vu Values(N'CV01',N'Quản Lý');
Insert into Chuc_Vu Values(N'CV02',N'Nhân Viên');
Insert into Chuc_Vu Values(N'CV03',N'Thu Ngân');

---Thông Tin Nhân Viên
Insert into Nhan_Vien Values(N'NV01',N'Nguyễn Thị Mai',N'Quận 9',N'1',N'CV03','2019-10-20',24100001,N'010234567',N'm1');
Insert into Nhan_Vien Values(N'NV02',N'Nguyễn Tấn Đạt',N'Quận 12',N'1',N'CV01','2020-10-21',24100002,N'020345678',N'm2');
Insert into Nhan_Vien Values(N'NV03',N'Nguyễn Văn An',N'Quận 6',N'1',N'CV01','2022-01-22',24100003,N'033456789',N'm3');
Insert into Nhan_Vien Values(N'NV04',N'Phùng Thị Chi',N'Quận 7',N'0',N'CV03','2021-10-23',24100004,N'011234567',N'm4');
Insert into Nhan_Vien Values(N'NV05',N'Trần Thị Sang',N'Quận 9',N'0',N'CV01','2020-05-24',24100005,N'012345678',N'm5');
Insert into Nhan_Vien Values(N'NV06',N'Nguyễn Văn Bình',N'Quận 10',N'1',N'CV01','2020-02-25',24100006,N'013456789',N'm6');
Insert into Nhan_Vien Values(N'NV07',N'Huỳnh Tấn Sang',N'Quận 9',N'1',N'CV01','2021-01-26',24100007,N'012344678',N'm7');
Insert into Nhan_Vien Values(N'NV08',N'Lê Thị Chi',N'Quận 2',N'0',N'CV03','2017-04-27',24100008,N'012345567',N'm8');
Insert into Nhan_Vien Values(N'NV09',N'Trần Văn Tâm',N'Quận 2',N'1',N'CV01','2022-03-25',24100009,N'012345667',N'm9');
Insert into Nhan_Vien Values(N'NV10',N'Lê Văn Đạt',N'Quận 6',N'1',N'CV01','2022-06-29',24100010,N'012345677',N'm0');
Insert into Nhan_Vien Values(N'QL01',N'Nguyễn Gia Huy',N'Quận 9',N'1',N'CV02','2022-03-15',24100011,N'011234567',N'q1');


---Thông Tin Khách Hàng--


Insert into Khach_Hang Values(N'KH01',N'Nguyễn Thị Mai',N'Quận 9',1,N'010234567',5);
Insert into Khach_Hang Values(N'KH02',N'Nguyễn Tấn Đạt',N'Quận 12',1,N'020345678',10);
Insert into Khach_Hang Values(N'KH03',N'Nguyễn Văn An',N'Quận 6',1,N'033456789',3);
Insert into Khach_Hang Values(N'KH04',N'Phùng Thị Chi',N'Quận 7',0,N'011234567',50);
Insert into Khach_Hang Values(N'KH05',N'Trần Thị Sang',N'Quận 9',0,N'012345678',2);
Insert into Khach_Hang Values(N'KH06',N'Nguyễn Văn Bình',N'Quận 10',1,N'013456789',20);
Insert into Khach_Hang Values(N'KH07',N'Huỳnh Tấn Sang',N'Quận 9',1,N'012344678',15);
Insert into Khach_Hang Values(N'KH08',N'Lê Thị Chi',N'Quận 2',0,N'012345567',30);
Insert into Khach_Hang Values(N'KH09',N'Trần Văn Tâm',N'Quận 2',1,N'012345667',0);
Insert into Khach_Hang Values(N'KH10',N'Lê Văn Đạt',N'Quận 6',1,N'012345677',0);
Insert into Khach_Hang Values(N'KH11',N'Lê Văn Cảm',N'Quận 1',1,N'012345674',20);

---
Select * 
from Khach_Hang
--------

-------Ca Làm Việc---
Insert Into Ca_Lam_Viec Values(N'C01',N'Ca Sáng','07:00:00','12:00:00',100000)
Insert Into Ca_Lam_Viec Values(N'C02',N'Ca Chiều','13:00:00','18:00:00',100000)
Insert Into Ca_Lam_Viec Values(N'C03',N'Ca Đêm','18:00:00','23:00:00',100000)
Insert Into Ca_Lam_Viec Values(N'C04',N'Ca Ngày','07:00:00','18:00:00',200000)
-----Chi Tiết Lương Nhân Viên--

Insert Into Chi_Tiet_Luong_Nhan_Vien Values(N'C01',N'NV01',7,0)
Insert Into Chi_Tiet_Luong_Nhan_Vien Values(N'C02',N'NV01',5,0)
Insert Into Chi_Tiet_Luong_Nhan_Vien Values(N'C04',N'NV01',10,0)
---
Insert Into Chi_Tiet_Luong_Nhan_Vien Values(N'C01',N'NV02',8,0)
Insert Into Chi_Tiet_Luong_Nhan_Vien Values(N'C02',N'NV02',5,0)
Insert Into Chi_Tiet_Luong_Nhan_Vien Values(N'C03',N'NV02',12,0)
---
Insert Into Chi_Tiet_Luong_Nhan_Vien Values(N'C01',N'NV03',6,0)
Insert Into Chi_Tiet_Luong_Nhan_Vien Values(N'C02',N'NV03',9,0)
Insert Into Chi_Tiet_Luong_Nhan_Vien Values(N'C03',N'NV03',5,0)
Insert Into Chi_Tiet_Luong_Nhan_Vien Values(N'C04',N'NV03',5,0)
---
Insert Into Chi_Tiet_Luong_Nhan_Vien Values(N'C02',N'NV04',10,0)
Insert Into Chi_Tiet_Luong_Nhan_Vien Values(N'C03',N'NV04',10,0)
Insert Into Chi_Tiet_Luong_Nhan_Vien Values(N'C04',N'NV04',10,0)
---
Insert Into Chi_Tiet_Luong_Nhan_Vien Values(N'C01',N'NV05',8,0)
Insert Into Chi_Tiet_Luong_Nhan_Vien Values(N'C03',N'NV05',10,0)
Insert Into Chi_Tiet_Luong_Nhan_Vien Values(N'C04',N'NV05',10,0)
---
Insert Into Chi_Tiet_Luong_Nhan_Vien Values(N'C01',N'NV06',10,0)
Insert Into Chi_Tiet_Luong_Nhan_Vien Values(N'C02',N'NV06',9,0)
Insert Into Chi_Tiet_Luong_Nhan_Vien Values(N'C03',N'NV06',6,0)
Insert Into Chi_Tiet_Luong_Nhan_Vien Values(N'C04',N'NV06',10,0)
---
Insert Into Chi_Tiet_Luong_Nhan_Vien Values(N'C01',N'NV07',20,0)
---
Insert Into Chi_Tiet_Luong_Nhan_Vien Values(N'C01',N'NV08',20,0)
Insert Into Chi_Tiet_Luong_Nhan_Vien Values(N'C04',N'NV08',10,0)
---
Insert Into Chi_Tiet_Luong_Nhan_Vien Values(N'C01',N'NV09',10,0)
Insert Into Chi_Tiet_Luong_Nhan_Vien Values(N'C02',N'NV09',15,0)
Insert Into Chi_Tiet_Luong_Nhan_Vien Values(N'C04',N'NV09',10,0)
---
Insert Into Chi_Tiet_Luong_Nhan_Vien Values(N'C01',N'NV10',10,0)
Insert Into Chi_Tiet_Luong_Nhan_Vien Values(N'C04',N'NV10',10,0)


---

-----
Insert Into Bill Values(N'B01',N'NV01',N'KH01',11,'2022-10-14','2022-10-14',5000,5,0);
Insert Into Bill Values(N'B02',N'NV04',N'KH02',12,'2022-10-15','2022-10-15',10000,10,0);
Insert Into Bill Values(N'B03',N'NV08',N'KH03',13,'2022-10-17','2022-10-17',0,3,0);
Insert Into Bill Values(N'B04',N'NV01',N'KH04',14,'2022-10-17','2022-10-17',5000,5,0);
Insert Into Bill Values(N'B05',N'NV01',N'KH05',15,'2022-10-19','2022-10-19',0,2,0);
Insert Into Bill Values(N'B06',N'NV04',N'KH06',16,'2022-10-21','2022-10-21',20000,20,0);
Insert Into Bill Values(N'B07',N'NV08',N'KH07',17,'2022-10-21','2022-10-21',15000,15,0);
Insert Into Bill Values(N'B08',N'NV08',N'KH08',32,'2022-10-23','2022-10-23',30000,30,0);
Insert Into Bill Values(N'B09',N'NV04',N'KH09',31,'2022-10-23','2022-10-23',0,0,0);
Insert Into Bill Values(N'B10',N'NV01',N'KH10',22,'2022-10-24','2022-10-24',0,0,0);
Insert Into Bill Values(N'B11',N'NV04',N'KH10',23,'2022-10-24','2022-10-24',20000,20,0);


----Thông Tin Chi Tiết Bill---
---Bill Số 1---
Insert Into Chi_Tiet_Bill Values(N'B01',N'T101',1,70000,0)--70
Insert Into Chi_Tiet_Bill Values(N'B01',N'T201',1,54000,0)--54
Insert Into Chi_Tiet_Bill Values(N'B01',N'T301',1,50000,0)--50
Insert Into Chi_Tiet_Bill Values(N'B01',N'T401',1,50000,0)--50
Insert Into Chi_Tiet_Bill Values(N'B01',N'T706',2,32000,0)--32
Insert Into Chi_Tiet_Bill Values(N'B01',N'T712',1,27000,0)--27
---Bill Số 2---
Insert Into Chi_Tiet_Bill Values(N'B02',N'T101',1,70000,0);--70
Insert Into Chi_Tiet_Bill Values(N'B02',N'T102',1,70000,0);--70
Insert Into Chi_Tiet_Bill Values(N'B02',N'T205',1,40000,0);--40
Insert Into Chi_Tiet_Bill Values(N'B02',N'T301',1,50000,0);--50
Insert Into Chi_Tiet_Bill Values(N'B02',N'T806',4,20000,0);--20
---Bill Số 3---
Insert Into Chi_Tiet_Bill Values(N'B03',N'T603',1,60000,0);--60
Insert Into Chi_Tiet_Bill Values(N'B03',N'T201',1,54000,0);--54
Insert Into Chi_Tiet_Bill Values(N'B03',N'T305',1,35000,0);--35
Insert Into Chi_Tiet_Bill Values(N'B03',N'T703',1,39000,0);--39
Insert Into Chi_Tiet_Bill Values(N'B03',N'T802',1,35000,0);--35
---Bill Số 4---
Insert Into Chi_Tiet_Bill Values(N'B04',N'T103',1,50000,0);--50
Insert Into Chi_Tiet_Bill Values(N'B04',N'T205',1,40000,0);--40
Insert Into Chi_Tiet_Bill Values(N'B04',N'T405',1,45000,0);--45
Insert Into Chi_Tiet_Bill Values(N'B04',N'T502',1,55000,0);--55
Insert Into Chi_Tiet_Bill Values(N'B04',N'T802',1,35000,0);--35
Insert Into Chi_Tiet_Bill Values(N'B04',N'T704',1,19000,0);--19
---Bill Số 5---
Insert Into Chi_Tiet_Bill Values(N'B05',N'T101',2,70000,0);--70
Insert Into Chi_Tiet_Bill Values(N'B05',N'T301',2,50000,0);--50
---Bill Số 6---
Insert Into Chi_Tiet_Bill Values(N'B06',N'T101',2,70000,0);--70
Insert Into Chi_Tiet_Bill Values(N'B06',N'T107',1,50000,0);--50
Insert Into Chi_Tiet_Bill Values(N'B06',N'T201',1,54000,0);--54
Insert Into Chi_Tiet_Bill Values(N'B06',N'T806',1,20000,0);--20
---Bill Số 7---
Insert Into Chi_Tiet_Bill Values(N'B07',N'T201',3,54000,0);--54
Insert Into Chi_Tiet_Bill Values(N'B07',N'T101',1,70000,0);--70
Insert Into Chi_Tiet_Bill Values(N'B07',N'T701',2,46000,0);--46
Insert Into Chi_Tiet_Bill Values(N'B07',N'T805',2,22000,0);--22
---Bill Số 8---
Insert Into Chi_Tiet_Bill Values(N'B08',N'T101',3,70000,0);--70
---Bill Số 9---
Insert Into Chi_Tiet_Bill Values(N'B09',N'T101',2,70000,0);--70
Insert Into Chi_Tiet_Bill Values(N'B09',N'T702',1,57000,0);--57
Insert Into Chi_Tiet_Bill Values(N'B09',N'T701',1,46000,0);--46
---Bill Số 10---
Insert Into Chi_Tiet_Bill Values(N'B10',N'T306',1,35000,0);--35
Insert Into Chi_Tiet_Bill Values(N'B10',N'T205',2,40000,0);--40
Insert Into Chi_Tiet_Bill Values(N'B10',N'T406',1,45000,0);--45
Insert Into Chi_Tiet_Bill Values(N'B10',N'T805',1,22000,0);--22
---Bill Số 11---
Insert Into Chi_Tiet_Bill Values(N'B11',N'T306',1,35000,0);--35







--Thông Tin Đăng Nhập
Insert into DangNhap Values(N'Admin',N'ad',N'QL01',N'Quản Lý')
Insert into DangNhap Values(N'dat',N'123',N'NV02',N'Nhân Viên')
Insert into DangNhap Values(N'mai',N'mai02',N'NV01',N'Thu Ngân')
Insert into DangNhap Values(N'an',N'an01',N'NV03',N'Nhân Viên')
Insert into DangNhap Values(N'pchi',N'chi12',N'NV04',N'Thu Ngân')
Insert into DangNhap Values(N'sang',N's00',N'NV05',N'Nhân Viên')
Insert into DangNhap Values(N'binh',N'324',N'NV06',N'Nhân Viên')
Insert into DangNhap Values(N'hsang',N'111',N'NV07',N'Nhân Viên')
Insert into DangNhap Values(N'lchi',N'000',N'NV08',N'Thu Ngân')
Insert into DangNhap Values(N'tam',N'342',N'NV09',N'Nhân Viên')
Insert into DangNhap Values(N'ldat',N'102',N'NV10',N'Nhân Viên')
